"id","loop_name"
"IL_1S72_001","1/0/21:27,1/0/516:522"
"IL_1S72_002","1/0/33:34,1/0/448:450"
"IL_1S72_003","1/0/39:41,1/0/440:443"
"IL_1S72_004","1/0/77:81,1/0/93:100"
"IL_1S72_005","1/0/153:154,1/0/182:184"
"IL_1S72_006","1/0/158:164,1/0/171:178"
"IL_1S72_007","1/0/210:216,1/0/224:229"
"IL_1S72_008","1/0/245:248,1/0/265:266"
"IL_1S72_009","1/0/248:249,1/0/260:265"
"IL_1S72_010","1/0/274:275,1/0/374:376"
"IL_1S72_011","1/0/280:287,1/0/365:369"
"IL_1S72_012","1/0/287:290,1/0/362:365"
"IL_1S72_013","1/0/290:296,1/0/355:362"
"IL_1S72_014","1/0/307:309,1/0/322:323"
"IL_1S72_015","1/0/487:491,1/0/501:515"
"IL_1S72_016","1/0/548:553,1/0/606:608"
"IL_1S72_017","1/0/554:555,1/0/602:605"
"IL_1S72_018","1/0/558:561,1/0/596:599"
"IL_1S72_019","1/0/562:567,1/0/591:595"
"IL_1S72_020","1/0/567:572,1/0/585:591"
"IL_1S72_021","1/0/663:667,1/0/679:683"
"IL_1S72_022","1/0/699:702,1/0/726:727"
"IL_1S72_023","1/0/705:709,1/0/719:723"
"IL_1S72_024","1/0/763:765,1/0/899:901"
"IL_1S72_025","1/0/765:769,1/0/892:899"
"IL_1S72_026","1/0/788:789,1/0/856:858"
"IL_1S72_027","1/0/793:794,1/0/819:821"
"IL_1S72_028","1/0/794:798,1/0/815:819"
"IL_1S72_029","1/0/830:833,1/0/849:851"
"IL_1S72_030","1/0/834:836,1/0/847:848"
"IL_1S72_031","1/0/868:870,1/0/880:884"
"IL_1S72_032","1/0/936:940,1/0/1026:1034"
"IL_1S72_033","1/0/942:944,1/0/1023:1024"
"IL_1S72_034","1/0/952:956,1/0/1011:1015"
"IL_1S72_035","1/0/956:957,1/0/1009:1011"
"IL_1S72_036","1/0/958:964,1/0/1004:1008"
"IL_1S72_037","1/0/965:968,1/0/1000:1003"
"IL_1S72_038","1/0/1095:1099,1/0/1257:1261"
"IL_1S72_039","1/0/1101:1108,1/0/1254:1255"
"IL_1S72_040","1/0/1108:1110,1/0/1253:1254"
"IL_1S72_041","1/0/1115:1121,1/0/1243:1248"
"IL_1S72_042","1/0/1136:1138,1/0/1225:1226"
"IL_1S72_043","1/0/1147:1155,1/0/1212:1216"
"IL_1S72_044","1/0/1163:1167,1/0/1179:1183"
"IL_1S72_045","1/0/1269:1270,1/0/1286:1289"
"IL_1S72_046","1/0/1301:1303,1/0/1351:1354"
"IL_1S72_047","1/0/1303:1305,1/0/1349:1351"
"IL_1S72_048","1/0/1312:1319,1/0/1338:1342"
"IL_1S72_049","1/0/1367:1373,1/0/2052:2057"
"IL_1S72_050","1/0/1416:1419,1/0/1678:1679"
"IL_1S72_051","1/0/1425:1429,1/0/1437:1439"
"IL_1S72_052","1/0/1456:1460,1/0/1483:1489"
"IL_1S72_053","1/0/1465:1467,1/0/1475:1478"
"IL_1S72_054","1/0/1521:1529,1/0/1662:1665"
"IL_1S72_055","1/0/1542:1546,1/0/1639:1643"
"IL_1S72_056","1/0/1570:1574,1/0/1622:1627"
"IL_1S72_057","1/0/1578:1583,1/0/1612:1618"
"IL_1S72_058","1/0/1587:1592,1/0/1602:1608"
"IL_1S72_059","1/0/1728:1734,1/0/2045:2047"
"IL_1S72_060","1/0/1741:1743,1/0/2036:2038"
"IL_1S72_061","1/0/1744:1747,1/0/2034:2035"
"IL_1S72_062","1/0/1747:1752,1/0/2031:2034"
"IL_1S72_063","1/0/1764:1769,1/0/1774:1780"
"IL_1S72_064","1/0/1826:1827,1/0/2021:2023"
"IL_1S72_065","1/0/1854:1860,1/0/1869:1877"
"IL_1S72_066","1/0/1893:1896,1/0/1943:1944"
"IL_1S72_067","1/0/1897:1898,1/0/1939:1942"
"IL_1S72_068","1/0/1902:1905,1/0/1934:1935"
"IL_1S72_069","1/0/1907:1913,1/0/1926:1932"
"IL_1S72_070","1/0/1974:1975,1/0/2005:2008"
"IL_1S72_071","1/0/1975:1986,1/0/2002:2005"
"IL_1S72_072","1/0/2090:2093,1/0/2652:2654"
"IL_1S72_073","1/0/2095:2097,1/0/2647:2650"
"IL_1S72_074","1/0/2108:2110,1/0/2477:2478"
"IL_1S72_075","1/0/2111:2112,1/0/2473:2476"
"IL_1S72_076","1/0/2122:2124,1/0/2269:2272"
"IL_1S72_077","1/0/2279:2280,1/0/2290:2292"
"IL_1S72_078","1/0/2331:2333,1/0/2351:2355"
"IL_1S72_079","1/0/2436:2438,1/0/2454:2455"
"IL_1S72_080","1/0/2489:2490,1/0/2531:2533"
"IL_1S72_081","1/0/2492:2494,1/0/2528:2529"
"IL_1S72_082","1/0/2494:2496,1/0/2524:2528"
"IL_1S72_083","1/0/2501:2505,1/0/2515:2519"
"IL_1S72_084","1/0/2542:2543,1/0/2615:2617"
"IL_1S72_085","1/0/2545:2547,1/0/2609:2613"
"IL_1S72_086","1/0/2547:2548,1/0/2606:2609"
"IL_1S72_087","1/0/2557:2558,1/0/2575:2578"
"IL_1S72_088","1/0/2626:2627,1/0/2636:2638"
"IL_1S72_089","1/0/2672:2676,1/0/2809:2817"
"IL_1S72_090","1/0/2689:2695,1/0/2700:2705"
"IL_1S72_091","1/0/2717:2721,1/0/2761:2763"
"IL_1S72_092","1/0/2724:2728,1/0/2754:2758"
"IL_1S72_093","1/0/2732:2733,1/0/2746:2750"
"IL_1S72_094","1/0/2772:2777,1/0/2797:2802"
"IL_1S72_095","1/0/2855:2857,1/0/2900:2903"
"IL_1S72_096","1/0/2860:2861,1/0/2895:2897"
"IL_1S72_097","1/0/2864:2869,1/0/2888:2892"
"IL_1S72_098","1/0/2873:2876,1/0/2881:2884"
"IL_1S72_099","1/9/15:16,1/9/64:66"
"IL_1S72_100","1/9/21:28,1/9/54:59"
"IL_1S72_101","1/9/29:30,1/9/50:53"
"IL_1S72_102","1/9/33:37,1/9/43:47"
"IL_1S72_103","1/9/75:81,1/9/101:106"
"IL_1S72_104","1/9/86:88,1/9/95:96"
"HL_1S72_001","1/0/55:64"
"HL_1S72_002","1/0/83:91"
"HL_1S72_003","1/0/118:122"
"HL_1S72_004","1/0/125:129"
"HL_1S72_005","1/0/136:142"
"HL_1S72_006","1/0/164:171"
"HL_1S72_007","1/0/195:201"
"HL_1S72_008","1/0/217:223"
"HL_1S72_009","1/0/252:257"
"HL_1S72_010","1/0/312:319"
"HL_1S72_011","1/0/326:330"
"HL_1S72_012","1/0/334:342"
"HL_1S72_013","1/0/390:399"
"HL_1S72_014","1/0/416:424"
"HL_1S72_015","1/0/468:473"
"HL_1S72_016","1/0/493:499"
"HL_1S72_017","1/0/576:581"
"HL_1S72_018","1/0/623:632"
"HL_1S72_019","1/0/670:676"
"HL_1S72_020","1/0/690:695"
"HL_1S72_021","1/0/712:716"
"HL_1S72_022","1/0/733:738"
"HL_1S72_023","1/0/804:809"
"HL_1S72_024","1/0/837:846"
"HL_1S72_025","1/0/872:878"
"HL_1S72_026","1/0/919:924"
"HL_1S72_027","1/0/969:999"
"HL_1S72_028","1/0/1054:1060"
"HL_1S72_029","1/0/1076:1083"
"HL_1S72_030","1/0/1168:1178"
"HL_1S72_031","1/0/1196:1203"
"HL_1S72_032","1/0/1274:1282"
"HL_1S72_033","1/0/1326:1331"
"HL_1S72_034","1/0/1387:1395"
"HL_1S72_035","1/0/1430:1436"
"HL_1S72_036","1/0/1468:1474"
"HL_1S72_037","1/0/1498:1507"
"HL_1S72_038","1/0/1557:1564"
"HL_1S72_039","1/0/1594:1600"
"HL_1S72_040","1/0/1628:1633"
"HL_1S72_041","1/0/1651:1655"
"HL_1S72_042","1/0/1687:1694"
"HL_1S72_043","1/0/1705:1713"
"HL_1S72_044","1/0/1769:1774"
"HL_1S72_045","1/0/1793:1799"
"HL_1S72_046","1/0/1808:1812"
"HL_1S72_047","1/0/1833:1843"
"HL_1S72_048","1/0/1862:1867"
"HL_1S72_049","1/0/1916:1923"
"HL_1S72_050","1/0/1948:1964"
"HL_1S72_051","1/0/1990:1998"
"HL_1S72_052","1/0/2068:2077"
"HL_1S72_053","1/0/2136:2239"
"HL_1S72_054","1/0/2248:2253"
"HL_1S72_055","1/0/2281:2289"
"HL_1S72_056","1/0/2298:2310"
"HL_1S72_057","1/0/2338:2346"
"HL_1S72_058","1/0/2358:2365"
"HL_1S72_059","1/0/2389:2399"
"HL_1S72_060","1/0/2411:2416"
"HL_1S72_061","1/0/2442:2450"
"HL_1S72_062","1/0/2506:2514"
"HL_1S72_063","1/0/2563:2570"
"HL_1S72_064","1/0/2585:2593"
"HL_1S72_065","1/0/2629:2634"
"HL_1S72_066","1/0/2695:2700"
"HL_1S72_067","1/0/2737:2742"
"HL_1S72_068","1/0/2780:2794"
"HL_1S72_069","1/0/2836:2844"
"HL_1S72_070","1/0/2876:2881"
"HL_1S72_071","1/9/37:43"
"HL_1S72_072","1/9/89:94"
"J3_1S72_001","1/0/240:244,1/0/267:273,1/0/377:379"
"J3_1S72_002","1/0/774:780,1/0/866:868,1/0/884:887"
"J3_1S72_003","1/0/789:791,1/0/823:828,1/0/853:856"
"J3_1S72_004","1/0/1159:1161,1/0/1185:1194,1/0/1205:1208"
"J3_1S72_005","1/0/1404:1409,1/0/1700:1703,1/0/1715:1718"
"J3_1S72_006","1/0/1412:1415,1/0/1680:1686,1/0/1695:1697"
"J3_1S72_007","1/0/2131:2134,1/0/2241:2245,1/0/2256:2262"
"J3_1S72_008","1/0/2329:2331,1/0/2355:2357,1/0/2366:2371"
"J3_1S72_009","1/0/2552:2555,1/0/2580:2583,1/0/2595:2602"
"J3_1S72_010","1/9/9:14,1/9/67:71,1/9/110:114"
